mean,std,max,min,range,median,label
0.24899999999999997,0.024456083087853627,0.29,0.209,0.08099999999999999,0.2515,calm
0.2435,0.02888338622807236,0.29,0.205,0.08499999999999999,0.2415,calm
0.41994999999999993,0.044912665251574634,0.496,0.353,0.14300000000000002,0.4145,stressed
0.42790000000000006,0.04035703160540924,0.486,0.356,0.13,0.4385,stressed
